Zone/Strate;Probabilité risque moy.;Nb ménages;% ménages à risque;Score inondation moy.;% enclavement déclaré;% manque routes;Durée accès santé (min);Nb TC disponibles moy.;Rang risque;Niveau risque
DALIFORD;0.68407065;70;0.7;1.7142857142857142;0.6285714285714286;0.9428571428571428;15.757142857142858;1.7857142857142858;1;ÉLEVÉ
MEDINA/GOUNASS;0.6422047;70;0.8;1.9857142857142858;0.9142857142857143;0.9285714285714286;11.985714285714286;4.128571428571429;2;MODÉRÉ
THIAROYE SUR MER;0.64037067;70;0.7142857142857143;1.7857142857142858;0.8;0.9285714285714286;13.557142857142857;2.757142857142857;3;MODÉRÉ
BAMBYLOR/SANGALKAM;0.63018167;70;0.6571428571428571;0.6857142857142857;0.44285714285714284;0.9714285714285714;15.1;5.314285714285714;4;MODÉRÉ
JAXAAY PARCELLE NIAKOUL RAP TIVAOUANE PEULH-NIAGHA;0.61567456;70;0.6142857142857143;0.6428571428571429;0.42857142857142855;0.9571428571428572;14.82857142857143;4.742857142857143;5;MODÉRÉ
MALIKA/YEUMBEUL NORD;0.6030062;145;0.6344827586206897;1.3241379310344827;0.7103448275862069;0.9172413793103448;15.420689655172414;3.9586206896551723;6;MODÉRÉ
DIAMNIADIO/SEBIKOTANE;0.58838797;70;0.6142857142857143;1.2571428571428571;0.6285714285714286;0.9714285714285714;15.0;4.114285714285714;7;MODÉRÉ
DJIDAH/THIAROYE/KAO/YEUMB SUD;0.5803913;139;0.6330935251798561;1.4676258992805755;0.8057553956834532;0.7553956834532374;11.158273381294965;3.1366906474820144;8;MODÉRÉ
KEUR MASSAR;0.5781086;145;0.5862068965517241;1.303448275862069;0.6482758620689655;0.7103448275862069;14.682758620689656;4.731034482758621;9;MODÉRÉ
DIACK SAO/THIAROYE GARE;0.5298535;70;0.5285714285714286;2.1714285714285713;0.42857142857142855;0.9571428571428572;12.057142857142857;3.4857142857142858;10;MODÉRÉ
DIAMAGUENE/SICAP M’BAO;0.48250005;101;0.44554455445544555;2.1782178217821784;0.5148514851485149;0.5841584158415841;13.405940594059405;4.396039603960396;11;MODÉRÉ
SENDOU/YENE;0.47739935;70;0.5;0.5714285714285714;0.5571428571428572;0.6571428571428571;12.714285714285714;5.942857142857143;12;MODÉRÉ
GUINAW RAIL N – S/PIKINE OUEST;0.47247198;95;0.4;1.431578947368421;0.5263157894736842;0.3473684210526316;12.778947368421052;3.168421052631579;13;MODÉRÉ
HANN/BEL AIR;0.45934185;70;0.4857142857142857;1.5571428571428572;0.6714285714285714;0.6857142857142857;14.471428571428572;4.1;14;MODÉRÉ
MBAO;0.43321377;70;0.44285714285714284;1.0142857142857142;0.5571428571428572;0.5571428571428572;13.242857142857142;4.128571428571429;15;FAIBLE
RUFISQUE OUEST;0.41858473;70;0.2857142857142857;1.1428571428571428;0.12857142857142856;0.8285714285714286;15.842857142857143;4.957142857142857;16;FAIBLE
RUFISQUE CENTRE (NORD);0.3999254;70;0.42857142857142855;1.0;0.42857142857142855;0.6571428571428571;11.157142857142857;5.414285714285715;17;FAIBLE
RUFISQUE EST;0.3885082;70;0.35714285714285715;1.9428571428571428;0.3142857142857143;0.9571428571428572;14.442857142857143;4.742857142857143;18;FAIBLE
CAMBERENE;0.38713527;70;0.42857142857142855;0.8857142857142857;0.45714285714285713;0.8857142857142857;9.67142857142857;4.628571428571429;19;FAIBLE
N’DIAREME LIMAMOULAYE;0.37261716;70;0.32857142857142857;1.1714285714285715;0.2857142857142857;0.8571428571428571;9.685714285714285;2.4714285714285715;20;FAIBLE
GRAND YOFF;0.33999065;100;0.37;1.02;0.42;0.66;12.19;3.84;21;FAIBLE
SAM NOTAIRES;0.33971515;70;0.34285714285714286;0.8;0.4142857142857143;0.5571428571428572;12.042857142857143;3.4857142857142858;22;FAIBLE
BISCUITERIE;0.33223677;70;0.35714285714285715;1.0571428571428572;0.4;0.6142857142857143;10.014285714285714;2.4857142857142858;23;FAIBLE
SICAP LIBERTE;0.2863479;70;0.24285714285714285;0.1;0.21428571428571427;0.5857142857142857;12.571428571428571;3.357142857142857;24;FAIBLE
PARCELLES ASSAINIES;0.28446397;70;0.24285714285714285;0.24285714285714285;0.2571428571428571;0.7714285714285715;13.042857142857143;3.4857142857142858;25;FAIBLE
HLM;0.28311372;70;0.17142857142857143;0.9142857142857143;0.2857142857142857;0.5857142857142857;10.971428571428572;2.8857142857142857;26;FAIBLE
PATTE D’OIE;0.28085753;70;0.2571428571428571;1.0571428571428572;0.2571428571428571;0.6285714285714286;9.457142857142857;2.2714285714285714;27;FAIBLE
BARGNY;0.27697217;70;0.18571428571428572;1.1142857142857143;0.11428571428571428;0.8142857142857143;10.242857142857142;3.8142857142857145;28;FAIBLE
WAKHINANE NIMZATT;0.27309433;71;0.2676056338028169;1.323943661971831;0.23943661971830985;0.7464788732394366;10.507042253521126;2.7746478873239435;29;FAIBLE
PIKINE EST – SUD/;0.25858638;70;0.3;1.1714285714285715;0.42857142857142855;0.7857142857142857;10.185714285714285;2.2142857142857144;30;FAIBLE
PLATEAU;0.24183658;70;0.18571428571428572;0.7285714285714285;0.22857142857142856;0.2857142857142857;11.957142857142857;4.685714285714286;31;FAIBLE
N’GOR;0.23637433;70;0.17142857142857143;0.9714285714285714;0.34285714285714286;0.6285714285714286;10.457142857142857;3.5;32;FAIBLE
YOFF;0.22359799;70;0.17142857142857143;0.44285714285714284;0.12857142857142856;0.7714285714285715;11.5;3.642857142857143;33;FAIBLE
OUAKAM;0.17118177;70;0.05714285714285714;0.6571428571428571;0.11428571428571428;0.2571428571428571;10.128571428571428;3.5714285714285716;34;FAIBLE
GRAND DAKAR;0.16564627;70;0.11428571428571428;0.3;0.14285714285714285;0.5;11.485714285714286;3.3857142857142857;35;FAIBLE
COLOBANE/FASS/GUEULE TAPEE;0.15822783;70;0.07142857142857142;1.0142857142857142;0.34285714285714286;0.4;9.314285714285715;3.0285714285714285;36;FAIBLE
DIEUPPEUL DERKLE;0.15797213;70;0.05714285714285714;0.45714285714285713;0.1;0.2714285714285714;11.614285714285714;3.0285714285714285;37;FAIBLE
FANN/POINT E/AMITIE;0.13849153;70;0.07142857142857142;0.014285714285714285;0.18571428571428572;0.08571428571428572;8.657142857142857;4.128571428571429;38;FAIBLE
CA MERMOZ/SACRE COEUR;0.13410236;70;0.07142857142857142;0.2714285714285714;0.1;0.38571428571428573;10.514285714285714;3.2285714285714286;39;FAIBLE
MEDINA;0.112710714;70;0.02857142857142857;0.15714285714285714;0.3;0.14285714285714285;9.442857142857143;3.4857142857142858;40;FAIBLE
GOLFE SUD;0.10884397;70;0.05714285714285714;0.44285714285714284;0.1;0.6428571428571429;9.857142857142858;2.9285714285714284;41;FAIBLE
